{"cameraMode":{"drawMode":0,"name":"Shaded","section":"Shading Mode"},"sceneLighting":false,"audioPlay":false,"sceneViewState":{"showFog":true,"showMaterialUpdate":false,"showSkybox":false,"showFlares":true,"showImageEffects":true,"showParticleSystems":true,"showVisualEffectGraphs":true,"m_FxEnabled":true},"in2DMode":false,"pivot":{"x":-2.7797341317636893e-8,"y":5.960464477539063e-8,"z":1.1592328519327566e-7},"rotation":{"x":-0.02537917159497738,"y":0.09611671417951584,"z":-0.0024518901482224466,"w":-0.9950451850891113},"size":3.0000171661376955,"orthographic":false}