{"cameraMode":{"drawMode":0,"name":"Shaded","section":"Shading Mode"},"sceneLighting":false,"audioPlay":false,"sceneViewState":{"showFog":true,"showMaterialUpdate":false,"showSkybox":false,"showFlares":true,"showImageEffects":false,"showParticleSystems":true,"showVisualEffectGraphs":true,"m_FxEnabled":true},"in2DMode":false,"pivot":{"x":-0.04294401407241821,"y":0.0572238564491272,"z":0.163782000541687},"rotation":{"x":0.08820560574531555,"y":-0.20761431753635407,"z":0.018800536170601846,"w":0.9740429520606995},"size":0.8660253882408142,"orthographic":false}