{"cameraMode":{"drawMode":0,"name":"Shaded","section":"Shading Mode"},"sceneLighting":false,"audioPlay":false,"sceneViewState":{"showFog":true,"showMaterialUpdate":false,"showSkybox":false,"showFlares":true,"showImageEffects":true,"showParticleSystems":true,"showVisualEffectGraphs":true,"m_FxEnabled":true},"in2DMode":false,"pivot":{"x":11.495213508605957,"y":0.07800006866455078,"z":-2.0783615112304689},"rotation":{"x":-0.006039021071046591,"y":-0.9927542805671692,"z":0.05664883926510811,"w":-0.10583235323429108},"size":7.940382480621338,"orthographic":false}