{"cameraMode":{"drawMode":0,"name":"Shaded","section":"Shading Mode"},"sceneLighting":false,"audioPlay":false,"sceneViewState":{"showFog":true,"showMaterialUpdate":false,"showSkybox":false,"showFlares":true,"showImageEffects":false,"showParticleSystems":true,"showVisualEffectGraphs":true,"m_FxEnabled":true},"in2DMode":false,"pivot":{"x":-0.04996979236602783,"y":1.0862356424331666,"z":0.016739368438720704},"rotation":{"x":0.118685282766819,"y":0.20141059160232545,"z":-0.024599473923444749,"w":0.9720391631126404},"size":2.368880033493042,"orthographic":false}