{"cameraMode":{"drawMode":0,"name":"Shaded","section":"Shading Mode"},"sceneLighting":false,"audioPlay":false,"sceneViewState":{"showFog":true,"showMaterialUpdate":false,"showSkybox":false,"showFlares":true,"showImageEffects":true,"showParticleSystems":true,"showVisualEffectGraphs":true,"m_FxEnabled":true},"in2DMode":false,"pivot":{"x":-25.10502052307129,"y":2.0983939170837404,"z":7.037829399108887},"rotation":{"x":0.00622750585898757,"y":0.16720572113990785,"z":-0.0010211095213890076,"w":0.9859237670898438},"size":3.699037790298462,"orthographic":false}