{"cameraMode":{"drawMode":0,"name":"Shaded","section":"Shading Mode"},"sceneLighting":false,"audioPlay":false,"sceneViewState":{"showFog":true,"showMaterialUpdate":false,"showSkybox":false,"showFlares":true,"showImageEffects":true,"showParticleSystems":true,"showVisualEffectGraphs":true,"m_FxEnabled":false},"in2DMode":false,"pivot":{"x":30.727651596069337,"y":1.7082266807556153,"z":50.11054229736328},"rotation":{"x":0.08719922602176666,"y":0.0059740073047578339,"z":-0.0005126404576003552,"w":0.996173620223999},"size":0.8660253882408142,"orthographic":false}