{"cameraMode":{"drawMode":0,"name":"Shaded","section":"Shading Mode"},"sceneLighting":false,"audioPlay":false,"sceneViewState":{"showFog":true,"showMaterialUpdate":false,"showSkybox":false,"showFlares":true,"showImageEffects":false,"showParticleSystems":true,"showVisualEffectGraphs":true,"m_FxEnabled":true},"in2DMode":false,"pivot":{"x":0.045352667570114139,"y":-0.23285061120986939,"z":0.9167869091033936},"rotation":{"x":0.08343204855918884,"y":-0.01787314936518669,"z":0.0019270323682576419,"w":0.9963572025299072},"size":1.2909255027770997,"orthographic":false}