{"cameraMode":{"drawMode":0,"name":"Shaded","section":"Shading Mode"},"sceneLighting":false,"audioPlay":false,"sceneViewState":{"showFog":true,"showMaterialUpdate":false,"showSkybox":false,"showFlares":true,"showImageEffects":true,"showParticleSystems":true,"showVisualEffectGraphs":true,"m_FxEnabled":true},"in2DMode":false,"pivot":{"x":0.40779393911361697,"y":0.1317882537841797,"z":1.3650341033935547},"rotation":{"x":0.18076157569885255,"y":-0.023601748049259187,"z":0.004375692456960678,"w":0.9832568168640137},"size":4.52401876449585,"orthographic":false}