{"cameraMode":{"drawMode":0,"name":"Shaded","section":"Shading Mode"},"sceneLighting":false,"audioPlay":false,"sceneViewState":{"showFog":true,"showMaterialUpdate":false,"showSkybox":false,"showFlares":true,"showImageEffects":false,"showParticleSystems":true,"showVisualEffectGraphs":true,"m_FxEnabled":false},"in2DMode":false,"pivot":{"x":-0.10543563961982727,"y":-0.43537843227386477,"z":0.0008375048637390137},"rotation":{"x":0.19162800908088685,"y":-0.4136463403701782,"z":0.08937928825616837,"w":0.8858082890510559},"size":0.3267240524291992,"orthographic":false}