{"cameraMode":{"drawMode":0,"name":"Shaded","section":"Shading Mode"},"sceneLighting":false,"audioPlay":false,"sceneViewState":{"showFog":true,"showMaterialUpdate":false,"showSkybox":false,"showFlares":true,"showImageEffects":true,"showParticleSystems":true,"showVisualEffectGraphs":true,"m_FxEnabled":true},"in2DMode":false,"pivot":{"x":-0.16784095764160157,"y":0.7327542304992676,"z":63.12567901611328},"rotation":{"x":0.08651287108659744,"y":0.8834300637245178,"z":-0.18027378618717194,"w":0.42380377650260928},"size":12.408432006835938,"orthographic":false}