{"cameraMode":{"drawMode":0,"name":"Shaded","section":"Shading Mode"},"sceneLighting":false,"audioPlay":false,"sceneViewState":{"showFog":true,"showMaterialUpdate":false,"showSkybox":false,"showFlares":true,"showImageEffects":false,"showParticleSystems":true,"showVisualEffectGraphs":true,"m_FxEnabled":true},"in2DMode":false,"pivot":{"x":0.31040436029434206,"y":0.737021803855896,"z":0.025564193725585939},"rotation":{"x":-0.033865395933389667,"y":-0.0395599827170372,"z":0.0013401299947872758,"w":-0.9986502528190613},"size":2.1000173091888429,"orthographic":false}