{"cameraMode":{"drawMode":0,"name":"Shaded","section":"Shading Mode"},"sceneLighting":false,"audioPlay":false,"sceneViewState":{"showFog":true,"showMaterialUpdate":false,"showSkybox":false,"showFlares":true,"showImageEffects":true,"showParticleSystems":true,"showVisualEffectGraphs":true,"m_FxEnabled":true},"in2DMode":false,"pivot":{"x":-0.000002843464244506322,"y":0.00003774544893531129,"z":-0.0000037088593671796845},"rotation":{"x":-0.2565692663192749,"y":0.13715241849422456,"z":0.03684646263718605,"w":0.9560582637786865},"size":0.000017320508050033823,"orthographic":false}