{"cameraMode":{"drawMode":0,"name":"Shaded","section":"Shading Mode"},"sceneLighting":false,"audioPlay":false,"sceneViewState":{"showFog":true,"showMaterialUpdate":false,"showSkybox":false,"showFlares":true,"showImageEffects":true,"showParticleSystems":true,"showVisualEffectGraphs":true,"m_FxEnabled":true},"in2DMode":false,"pivot":{"x":1.9336936473846436,"y":2.0320558547973635,"z":1.408670425415039},"rotation":{"x":-0.05947123095393181,"y":0.07777606695890427,"z":0.004684546031057835,"w":0.9952066540718079},"size":11.495216369628907,"orthographic":false}