{"cameraMode":{"drawMode":0,"name":"Shaded","section":"Shading Mode"},"sceneLighting":true,"audioPlay":false,"sceneViewState":{"showFog":true,"showMaterialUpdate":false,"showSkybox":true,"showFlares":true,"showImageEffects":false,"showParticleSystems":true,"showVisualEffectGraphs":true,"m_FxEnabled":true},"in2DMode":false,"pivot":{"x":-6.493988990783691,"y":2.1516263484954836,"z":-0.3061448335647583},"rotation":{"x":-0.017390400171279908,"y":0.029399119317531587,"z":-0.0005110768252052367,"w":-0.9994266629219055},"size":13.276443481445313,"orthographic":false}