{"cameraMode":{"drawMode":0,"name":"Shaded","section":"Shading Mode"},"sceneLighting":true,"audioPlay":false,"sceneViewState":{"showFog":true,"showMaterialUpdate":false,"showSkybox":true,"showFlares":true,"showImageEffects":false,"showParticleSystems":true,"showVisualEffectGraphs":true,"m_FxEnabled":true},"in2DMode":false,"pivot":{"x":2.5343785285949709,"y":-0.27719783782958987,"z":5.9178314208984379},"rotation":{"x":0.11809094995260239,"y":0.047959599643945697,"z":-0.005708137061446905,"w":0.9918845891952515},"size":25.1616153717041,"orthographic":false}