{"cameraMode":{"drawMode":0,"name":"Shaded","section":"Shading Mode"},"sceneLighting":true,"audioPlay":false,"sceneViewState":{"showFog":true,"showMaterialUpdate":false,"showSkybox":true,"showFlares":true,"showImageEffects":false,"showParticleSystems":true,"showVisualEffectGraphs":true,"m_FxEnabled":true},"in2DMode":false,"pivot":{"x":-2.541334629058838,"y":-7.3152971267700199,"z":-4.045375823974609},"rotation":{"x":-0.13250823318958283,"y":-0.0005870339227840304,"z":0.00007860348705435172,"w":-0.9911874532699585},"size":20.368061065673829,"orthographic":false}