{"cameraMode":{"drawMode":0,"name":"Shaded","section":"Shading Mode"},"sceneLighting":true,"audioPlay":false,"sceneViewState":{"showFog":true,"showMaterialUpdate":false,"showSkybox":true,"showFlares":true,"showImageEffects":true,"showParticleSystems":true,"showVisualEffectGraphs":true,"m_FxEnabled":true},"in2DMode":false,"pivot":{"x":16.141633987426759,"y":-11.265987396240235,"z":70.45408630371094},"rotation":{"x":-0.11372540146112442,"y":-0.022057542577385904,"z":0.0025250776670873167,"w":-0.9932651519775391},"size":117.05239868164063,"orthographic":false}