{"cameraMode":{"drawMode":0,"name":"Shaded","section":"Shading Mode"},"sceneLighting":true,"audioPlay":false,"sceneViewState":{"showFog":true,"showMaterialUpdate":false,"showSkybox":true,"showFlares":true,"showImageEffects":false,"showParticleSystems":true,"showVisualEffectGraphs":true,"m_FxEnabled":true},"in2DMode":false,"pivot":{"x":1.848555564880371,"y":1.2167835235595704,"z":2.4981117248535158},"rotation":{"x":-0.14128610491752625,"y":-0.04363537207245827,"z":0.006234452594071627,"w":-0.9889937043190002},"size":50.84246826171875,"orthographic":false}