{"cameraMode":{"drawMode":0,"name":"Shaded","section":"Shading Mode"},"sceneLighting":true,"audioPlay":false,"sceneViewState":{"showFog":true,"showMaterialUpdate":false,"showSkybox":true,"showFlares":true,"showImageEffects":false,"showParticleSystems":true,"showVisualEffectGraphs":true,"m_FxEnabled":true},"in2DMode":false,"pivot":{"x":6.220336437225342,"y":5.326035499572754,"z":1.527557373046875},"rotation":{"x":-0.019477806985378267,"y":-0.047665826976299289,"z":0.0009276040364056826,"w":-0.9986937642097473},"size":21.971538543701173,"orthographic":false}