{"cameraMode":{"drawMode":0,"name":"Shaded","section":"Shading Mode"},"sceneLighting":true,"audioPlay":false,"sceneViewState":{"showFog":true,"showMaterialUpdate":false,"showSkybox":true,"showFlares":true,"showImageEffects":false,"showParticleSystems":true,"showVisualEffectGraphs":true,"m_FxEnabled":true},"in2DMode":false,"pivot":{"x":21.361228942871095,"y":4.159913063049316,"z":0.3054734468460083},"rotation":{"x":0.011587787419557572,"y":0.633461058139801,"z":0.009524633176624775,"w":-0.7736552953720093},"size":7.268675804138184,"orthographic":false}