{"cameraMode":{"drawMode":0,"name":"Shaded","section":"Shading Mode"},"sceneLighting":true,"audioPlay":false,"sceneViewState":{"showFog":true,"showMaterialUpdate":false,"showSkybox":true,"showFlares":true,"showImageEffects":false,"showParticleSystems":true,"showVisualEffectGraphs":true,"m_FxEnabled":true},"in2DMode":false,"pivot":{"x":2.4078636169433595,"y":-2.659578323364258,"z":14.994546890258789},"rotation":{"x":0.10415197163820267,"y":0.03281452879309654,"z":-0.0034381267614662649,"w":0.9940149784088135},"size":25.820558547973634,"orthographic":false}