{"cameraMode":{"drawMode":0,"name":"Shaded","section":"Shading Mode"},"sceneLighting":false,"audioPlay":false,"sceneViewState":{"showFog":true,"showMaterialUpdate":false,"showSkybox":false,"showFlares":true,"showImageEffects":false,"showParticleSystems":true,"showVisualEffectGraphs":true,"m_FxEnabled":true},"in2DMode":false,"pivot":{"x":-0.019697532057762147,"y":0.22156164050102235,"z":0.0792926549911499},"rotation":{"x":0.0930149257183075,"y":0.05820789560675621,"z":-0.0054474142380058769,"w":0.9939452409744263},"size":1.9447906017303467,"orthographic":false}