{"cameraMode":{"drawMode":0,"name":"Shaded","section":"Shading Mode"},"sceneLighting":false,"audioPlay":false,"sceneViewState":{"showFog":true,"showMaterialUpdate":false,"showSkybox":false,"showFlares":true,"showImageEffects":false,"showParticleSystems":true,"showVisualEffectGraphs":true,"m_FxEnabled":true},"in2DMode":false,"pivot":{"x":-0.49807700514793398,"y":0.06347829103469849,"z":0.4356813430786133},"rotation":{"x":0.0930149257183075,"y":0.05820789560675621,"z":-0.0054474142380058769,"w":0.9939452409744263},"size":1.638826847076416,"orthographic":false}