{"cameraMode":{"drawMode":0,"name":"Shaded","section":"Shading Mode"},"sceneLighting":false,"audioPlay":false,"sceneViewState":{"showFog":true,"showMaterialUpdate":false,"showSkybox":false,"showFlares":true,"showImageEffects":false,"showParticleSystems":true,"showVisualEffectGraphs":true,"m_FxEnabled":true},"in2DMode":false,"pivot":{"x":-0.9886040687561035,"y":1.724204182624817,"z":2.3745386600494386},"rotation":{"x":0.007442215457558632,"y":0.3948458731174469,"z":0.00320097035728395,"w":-0.9187272787094116},"size":2.5126848220825197,"orthographic":false}