{"cameraMode":{"drawMode":0,"name":"Shaded","section":"Shading Mode"},"sceneLighting":false,"audioPlay":false,"sceneViewState":{"showFog":true,"showMaterialUpdate":false,"showSkybox":false,"showFlares":true,"showImageEffects":false,"showParticleSystems":true,"showVisualEffectGraphs":true,"m_FxEnabled":true},"in2DMode":false,"pivot":{"x":1.8353474140167237,"y":-3.6283516883850099,"z":3.8406357765197756},"rotation":{"x":0.0782131478190422,"y":0.17141172289848329,"z":-0.013799416832625866,"w":0.982060968875885},"size":1.1660254001617432,"orthographic":false}