{"cameraMode":{"drawMode":0,"name":"Shaded","section":"Shading Mode"},"sceneLighting":false,"audioPlay":false,"sceneViewState":{"showFog":true,"showMaterialUpdate":false,"showSkybox":false,"showFlares":true,"showImageEffects":false,"showParticleSystems":true,"showVisualEffectGraphs":true,"m_FxEnabled":true},"in2DMode":false,"pivot":{"x":0.011461257934570313,"y":-0.4741783142089844,"z":-9.5367431640625e-7},"rotation":{"x":0.23174482583999635,"y":-0.03209512308239937,"z":0.007649722043424845,"w":0.9722192883491516},"size":35.89080810546875,"orthographic":false}