{"cameraMode":{"drawMode":0,"name":"Shaded","section":"Shading Mode"},"sceneLighting":false,"audioPlay":false,"sceneViewState":{"showFog":true,"showMaterialUpdate":false,"showSkybox":false,"showFlares":true,"showImageEffects":false,"showParticleSystems":true,"showVisualEffectGraphs":true,"m_FxEnabled":true},"in2DMode":false,"pivot":{"x":0.8598718643188477,"y":0.0012146830558776856,"z":-0.5816521644592285},"rotation":{"x":0.03498893603682518,"y":0.7603095173835754,"z":-0.041096776723861697,"w":0.6473138332366943},"size":2.4247448444366457,"orthographic":false}