{"cameraMode":{"drawMode":0,"name":"Shaded","section":"Shading Mode"},"sceneLighting":false,"audioPlay":false,"sceneViewState":{"showFog":true,"showMaterialUpdate":false,"showSkybox":false,"showFlares":true,"showImageEffects":false,"showParticleSystems":true,"showVisualEffectGraphs":true,"m_FxEnabled":true},"in2DMode":false,"pivot":{"x":0.12851735949516297,"y":-0.10097455978393555,"z":0.005818963050842285},"rotation":{"x":-0.20017768442630769,"y":-0.478161096572876,"z":0.11291172355413437,"w":-0.8476772308349609},"size":0.29809027910232546,"orthographic":false}