{"cameraMode":{"drawMode":0,"name":"Shaded","section":"Shading Mode"},"sceneLighting":false,"audioPlay":false,"sceneViewState":{"showFog":true,"showMaterialUpdate":false,"showSkybox":false,"showFlares":true,"showImageEffects":false,"showParticleSystems":true,"showVisualEffectGraphs":true,"m_FxEnabled":true},"in2DMode":false,"pivot":{"x":3.954092025756836,"y":4.222145080566406,"z":-12.004234313964844},"rotation":{"x":-0.004816898610442877,"y":0.9924374222755432,"z":-0.11545048654079437,"w":-0.041407596319913867},"size":27.966754913330079,"orthographic":false}