{"cameraMode":{"drawMode":0,"name":"Shaded","section":"Shading Mode"},"sceneLighting":false,"audioPlay":false,"sceneViewState":{"showFog":true,"showMaterialUpdate":false,"showSkybox":false,"showFlares":true,"showImageEffects":true,"showParticleSystems":true,"showVisualEffectGraphs":true,"m_FxEnabled":true},"in2DMode":false,"pivot":{"x":0.17778074741363526,"y":0.9843660593032837,"z":0.29999804496765139},"rotation":{"x":-0.1345880925655365,"y":0.06742483377456665,"z":-0.00918207410722971,"w":-0.9885890483856201},"size":1.5000174045562745,"orthographic":false}