{"cameraMode":{"drawMode":0,"name":"Shaded","section":"Shading Mode"},"sceneLighting":false,"audioPlay":false,"sceneViewState":{"showFog":true,"showMaterialUpdate":false,"showSkybox":false,"showFlares":true,"showImageEffects":false,"showParticleSystems":true,"showVisualEffectGraphs":true,"m_FxEnabled":true},"in2DMode":false,"pivot":{"x":0.000039999838918447495,"y":0.00022999988868832588,"z":-0.0052200001664459709},"rotation":{"x":0.11636233329772949,"y":-0.38977980613708498,"z":0.04977250099182129,"w":0.9122122526168823},"size":0.9058813452720642,"orthographic":false}