{"cameraMode":{"drawMode":0,"name":"Shaded","section":"Shading Mode"},"sceneLighting":false,"audioPlay":false,"sceneViewState":{"showFog":true,"showMaterialUpdate":false,"showSkybox":false,"showFlares":true,"showImageEffects":true,"showParticleSystems":true,"showVisualEffectGraphs":true,"m_FxEnabled":true},"in2DMode":false,"pivot":{"x":-4.977892875671387,"y":-1.0867223739624024,"z":10.371476173400879},"rotation":{"x":0.23988394439220429,"y":-0.07563161104917526,"z":0.018748970702290536,"w":0.9676690101623535},"size":10.61743450164795,"orthographic":false}