{"cameraMode":{"drawMode":0,"name":"Shaded","section":"Shading Mode"},"sceneLighting":false,"audioPlay":false,"sceneViewState":{"showFog":true,"showMaterialUpdate":false,"showSkybox":false,"showFlares":true,"showImageEffects":false,"showParticleSystems":true,"showVisualEffectGraphs":true,"m_FxEnabled":true},"in2DMode":false,"pivot":{"x":1.4816832542419434,"y":-1.0291697978973389,"z":1.3968520164489747},"rotation":{"x":0.38329097628593447,"y":0.4692870080471039,"z":-0.23684825003147126,"w":0.7594483494758606},"size":2.4295995235443117,"orthographic":false}