{"cameraMode":{"drawMode":0,"name":"Shaded","section":"Shading Mode"},"sceneLighting":false,"audioPlay":false,"sceneViewState":{"showFog":true,"showMaterialUpdate":false,"showSkybox":false,"showFlares":true,"showImageEffects":false,"showParticleSystems":true,"showVisualEffectGraphs":true,"m_FxEnabled":true},"in2DMode":false,"pivot":{"x":-0.10223305225372315,"y":0.21432484686374665,"z":0.7206149101257324},"rotation":{"x":0.02959126979112625,"y":0.7405247092247009,"z":0.03268157318234444,"w":-0.6706033945083618},"size":0.7955130934715271,"orthographic":false}