{"cameraMode":{"drawMode":0,"name":"Shaded","section":"Shading Mode"},"sceneLighting":false,"audioPlay":false,"sceneViewState":{"showFog":true,"showMaterialUpdate":false,"showSkybox":false,"showFlares":true,"showImageEffects":true,"showParticleSystems":true,"showVisualEffectGraphs":true,"m_FxEnabled":false},"in2DMode":false,"pivot":{"x":0.34510350227355959,"y":0.03262743353843689,"z":-0.42413556575775149},"rotation":{"x":-0.00105238554533571,"y":0.9983535408973694,"z":-0.053963497281074527,"w":-0.019470343366265298},"size":1.1660254001617432,"orthographic":false}