{"cameraMode":{"drawMode":0,"name":"Shaded","section":"Shading Mode"},"sceneLighting":false,"audioPlay":false,"sceneViewState":{"showFog":true,"showMaterialUpdate":false,"showSkybox":false,"showFlares":true,"showImageEffects":false,"showParticleSystems":true,"showVisualEffectGraphs":true,"m_FxEnabled":true},"in2DMode":false,"pivot":{"x":0.7490311861038208,"y":0.06397932767868042,"z":2.4112014770507814},"rotation":{"x":0.032762810587882999,"y":0.12527738511562348,"z":-0.003998361527919769,"w":0.9917883276939392},"size":3.6535887718200685,"orthographic":false}