{"cameraMode":{"drawMode":0,"name":"Shaded","section":"Shading Mode"},"sceneLighting":false,"audioPlay":false,"sceneViewState":{"showFog":true,"showMaterialUpdate":false,"showSkybox":false,"showFlares":true,"showImageEffects":true,"showParticleSystems":true,"showVisualEffectGraphs":true,"m_FxEnabled":true},"in2DMode":false,"pivot":{"x":-6.783200263977051,"y":-0.039999961853027347,"z":-21.615402221679689},"rotation":{"x":-0.006039021071046591,"y":-0.9927542805671692,"z":0.05664883926510811,"w":-0.10583235323429108},"size":5.784451007843018,"orthographic":false}