{"cameraMode":{"drawMode":0,"name":"Shaded","section":"Shading Mode"},"sceneLighting":false,"audioPlay":false,"sceneViewState":{"showFog":true,"showMaterialUpdate":false,"showSkybox":false,"showFlares":true,"showImageEffects":false,"showParticleSystems":true,"showVisualEffectGraphs":true,"m_FxEnabled":true},"in2DMode":false,"pivot":{"x":0.7851909399032593,"y":-0.4711921215057373,"z":1.1755528450012208},"rotation":{"x":0.1748535931110382,"y":-0.1514573097229004,"z":0.027231935411691667,"w":0.9724944829940796},"size":3.3279800415039064,"orthographic":false}