{"cameraMode":{"drawMode":0,"name":"Shaded","section":"Shading Mode"},"sceneLighting":false,"audioPlay":false,"sceneViewState":{"showFog":true,"showMaterialUpdate":false,"showSkybox":false,"showFlares":true,"showImageEffects":true,"showParticleSystems":true,"showVisualEffectGraphs":true,"m_FxEnabled":true},"in2DMode":false,"pivot":{"x":0.19596022367477418,"y":-0.1411227285861969,"z":0.3709840774536133},"rotation":{"x":-0.09165798127651215,"y":-0.2490943968296051,"z":0.023690175265073777,"w":-0.9638580679893494},"size":1.0183069705963135,"orthographic":false}