{"cameraMode":{"drawMode":0,"name":"Shaded","section":"Shading Mode"},"sceneLighting":false,"audioPlay":false,"sceneViewState":{"showFog":true,"showMaterialUpdate":false,"showSkybox":false,"showFlares":true,"showImageEffects":true,"showParticleSystems":true,"showVisualEffectGraphs":true,"m_FxEnabled":true},"in2DMode":false,"pivot":{"x":-0.46985989809036257,"y":0.24642010033130647,"z":-0.6382623910903931},"rotation":{"x":-0.0601629875600338,"y":-0.06075423210859299,"z":0.003670787438750267,"w":-0.9963491559028626},"size":0.814062774181366,"orthographic":false}