{"cameraMode":{"drawMode":0,"name":"Shaded","section":"Shading Mode"},"sceneLighting":false,"audioPlay":false,"sceneViewState":{"showFog":true,"showMaterialUpdate":false,"showSkybox":false,"showFlares":true,"showImageEffects":true,"showParticleSystems":true,"showVisualEffectGraphs":true,"m_FxEnabled":true},"in2DMode":false,"pivot":{"x":-14.488554000854493,"y":2.5910654067993166,"z":5.702877998352051},"rotation":{"x":0.009586649015545845,"y":0.9077869057655335,"z":-0.020696543157100679,"w":0.4188613295555115},"size":3.3990378379821779,"orthographic":false}