{"cameraMode":{"drawMode":0,"name":"Shaded","section":"Shading Mode"},"sceneLighting":false,"audioPlay":false,"sceneViewState":{"showFog":true,"showMaterialUpdate":false,"showSkybox":false,"showFlares":true,"showImageEffects":true,"showParticleSystems":true,"showVisualEffectGraphs":true,"m_FxEnabled":true},"in2DMode":false,"pivot":{"x":-14.185080528259278,"y":2.17036771774292,"z":6.0514912605285648},"rotation":{"x":0.003732096403837204,"y":0.8805294036865234,"z":-0.006861303932964802,"w":0.4739726781845093},"size":1.5990381240844727,"orthographic":false}