{"cameraMode":{"drawMode":0,"name":"Shaded","section":"Shading Mode"},"sceneLighting":false,"audioPlay":false,"sceneViewState":{"showFog":true,"showMaterialUpdate":false,"showSkybox":false,"showFlares":true,"showImageEffects":false,"showParticleSystems":true,"showVisualEffectGraphs":true,"m_FxEnabled":true},"in2DMode":false,"pivot":{"x":0.4745490849018097,"y":-0.5635280609130859,"z":11.364144325256348},"rotation":{"x":0.04349774494767189,"y":-0.006024636328220367,"z":0.0004103885148651898,"w":0.999233603477478},"size":7.2659687995910648,"orthographic":false}