{"cameraMode":{"drawMode":0,"name":"Shaded","section":"Shading Mode"},"sceneLighting":false,"audioPlay":false,"sceneViewState":{"showFog":true,"showMaterialUpdate":false,"showSkybox":false,"showFlares":true,"showImageEffects":true,"showParticleSystems":true,"showVisualEffectGraphs":true,"m_FxEnabled":true},"in2DMode":false,"pivot":{"x":-0.9200053215026856,"y":0.4369947910308838,"z":0.20166921615600587},"rotation":{"x":0.0006339660612866283,"y":0.9974751472473145,"z":-0.07043875008821488,"w":0.00897751934826374},"size":3.150724411010742,"orthographic":false}