{"cameraMode":{"drawMode":0,"name":"Shaded","section":"Shading Mode"},"sceneLighting":false,"audioPlay":false,"sceneViewState":{"showFog":true,"showMaterialUpdate":false,"showSkybox":false,"showFlares":true,"showImageEffects":true,"showParticleSystems":true,"showVisualEffectGraphs":true,"m_FxEnabled":true},"in2DMode":false,"pivot":{"x":-0.210264652967453,"y":-3.8119187355041506,"z":5.134517669677734},"rotation":{"x":-0.2248714566230774,"y":-0.0064148143865168098,"z":0.0014972740318626166,"w":-0.9743909239768982},"size":6.775670528411865,"orthographic":false}