{"cameraMode":{"drawMode":0,"name":"Shaded","section":"Shading Mode"},"sceneLighting":false,"audioPlay":false,"sceneViewState":{"showFog":true,"showMaterialUpdate":false,"showSkybox":false,"showFlares":true,"showImageEffects":true,"showParticleSystems":true,"showVisualEffectGraphs":true,"m_FxEnabled":true},"in2DMode":false,"pivot":{"x":-1.9192249774932862,"y":0.1290278434753418,"z":15.41364860534668},"rotation":{"x":-0.04527084529399872,"y":0.03387267515063286,"z":-0.0015229573473334313,"w":-0.9984269142150879},"size":13.45667552947998,"orthographic":false}