{"cameraMode":{"drawMode":0,"name":"Shaded","section":"Shading Mode"},"sceneLighting":false,"audioPlay":false,"sceneViewState":{"showFog":true,"showMaterialUpdate":false,"showSkybox":false,"showFlares":true,"showImageEffects":true,"showParticleSystems":true,"showVisualEffectGraphs":true,"m_FxEnabled":true},"in2DMode":false,"pivot":{"x":1.4958405494689942,"y":-0.6398909091949463,"z":15.539718627929688},"rotation":{"x":-0.04223896190524101,"y":-0.053016044199466708,"z":0.002257350366562605,"w":-0.9977250099182129},"size":10.125968933105469,"orthographic":false}