{"cameraMode":{"drawMode":0,"name":"Shaded","section":"Shading Mode"},"sceneLighting":false,"audioPlay":false,"sceneViewState":{"showFog":true,"showMaterialUpdate":false,"showSkybox":false,"showFlares":true,"showImageEffects":true,"showParticleSystems":true,"showVisualEffectGraphs":true,"m_FxEnabled":true},"in2DMode":false,"pivot":{"x":1.6690773963928223,"y":1.2058508396148682,"z":0.5570244789123535},"rotation":{"x":-0.09424255043268204,"y":0.09453079849481583,"z":-0.008987115696072579,"w":-0.991028368473053},"size":2.400017261505127,"orthographic":false}