{"cameraMode":{"drawMode":0,"name":"Shaded","section":"Shading Mode"},"sceneLighting":false,"audioPlay":false,"sceneViewState":{"showFog":true,"showMaterialUpdate":false,"showSkybox":false,"showFlares":true,"showImageEffects":true,"showParticleSystems":true,"showVisualEffectGraphs":true,"m_FxEnabled":false},"in2DMode":false,"pivot":{"x":0.45414042472839358,"y":-0.035562530159950259,"z":-0.457552433013916},"rotation":{"x":-0.014050628989934922,"y":-0.9424434304237366,"z":0.039895787835121158,"w":-0.3316733241081238},"size":1.1097195148468018,"orthographic":false}