{"cameraMode":{"drawMode":0,"name":"Shaded","section":"Shading Mode"},"sceneLighting":false,"audioPlay":false,"sceneViewState":{"showFog":true,"showMaterialUpdate":false,"showSkybox":false,"showFlares":true,"showImageEffects":true,"showParticleSystems":true,"showVisualEffectGraphs":true,"m_FxEnabled":true},"in2DMode":false,"pivot":{"x":0.3235728144645691,"y":-0.03182317316532135,"z":-0.12058597803115845},"rotation":{"x":-0.044999007135629657,"y":-0.3625048100948334,"z":0.017528600990772249,"w":-0.9307493567466736},"size":0.600000262260437,"orthographic":false}