{"cameraMode":{"drawMode":0,"name":"Shaded","section":"Shading Mode"},"sceneLighting":false,"audioPlay":false,"sceneViewState":{"showFog":true,"showMaterialUpdate":false,"showSkybox":false,"showFlares":true,"showImageEffects":true,"showParticleSystems":true,"showVisualEffectGraphs":true,"m_FxEnabled":true},"in2DMode":false,"pivot":{"x":-1.139325499534607,"y":0.4268527030944824,"z":-0.6604236364364624},"rotation":{"x":0.0013435421278700233,"y":-0.9971368312835693,"z":0.07342230528593064,"w":0.018246043473482133},"size":5.403560161590576,"orthographic":false}