{"cameraMode":{"drawMode":0,"name":"Shaded","section":"Shading Mode"},"sceneLighting":false,"audioPlay":false,"sceneViewState":{"showFog":true,"showMaterialUpdate":false,"showSkybox":false,"showFlares":true,"showImageEffects":true,"showParticleSystems":true,"showVisualEffectGraphs":true,"m_FxEnabled":true},"in2DMode":false,"pivot":{"x":-0.5191456079483032,"y":-1.1729480028152466,"z":-0.44610726833343508},"rotation":{"x":0.0013435421278700233,"y":-0.9971368312835693,"z":0.07342230528593064,"w":0.018246043473482133},"size":6.903561115264893,"orthographic":false}