{"cameraMode":{"drawMode":0,"name":"Shaded","section":"Shading Mode"},"sceneLighting":false,"audioPlay":false,"sceneViewState":{"showFog":true,"showMaterialUpdate":false,"showSkybox":false,"showFlares":true,"showImageEffects":true,"showParticleSystems":true,"showVisualEffectGraphs":true,"m_FxEnabled":true},"in2DMode":false,"pivot":{"x":0.06896539032459259,"y":0.2745729982852936,"z":-0.6820237636566162},"rotation":{"x":0.0013435421278700233,"y":-0.9971368312835693,"z":0.07342230528593064,"w":0.018246043473482133},"size":1.3874037265777588,"orthographic":false}