{"cameraMode":{"drawMode":0,"name":"Shaded","section":"Shading Mode"},"sceneLighting":false,"audioPlay":false,"sceneViewState":{"showFog":true,"showMaterialUpdate":false,"showSkybox":false,"showFlares":true,"showImageEffects":true,"showParticleSystems":true,"showVisualEffectGraphs":true,"m_FxEnabled":true},"in2DMode":false,"pivot":{"x":-1.9592615365982056,"y":-0.458026647567749,"z":0.48158836364746096},"rotation":{"x":0.03511200100183487,"y":-0.9399532079696655,"z":0.10191194713115692,"w":0.32384517788887026},"size":2.834538459777832,"orthographic":false}