{"cameraMode":{"drawMode":0,"name":"Shaded","section":"Shading Mode"},"sceneLighting":false,"audioPlay":false,"sceneViewState":{"showFog":true,"showMaterialUpdate":false,"showSkybox":false,"showFlares":true,"showImageEffects":true,"showParticleSystems":true,"showVisualEffectGraphs":true,"m_FxEnabled":true},"in2DMode":false,"pivot":{"x":-0.4254624545574188,"y":0.5059706568717957,"z":-0.6581079959869385},"rotation":{"x":0.005083382595330477,"y":-0.9949088096618652,"z":0.06875833123922348,"w":0.07355426996946335},"size":1.338742971420288,"orthographic":false}