{"cameraMode":{"drawMode":0,"name":"Shaded","section":"Shading Mode"},"sceneLighting":false,"audioPlay":false,"sceneViewState":{"showFog":true,"showMaterialUpdate":false,"showSkybox":false,"showFlares":true,"showImageEffects":false,"showParticleSystems":true,"showVisualEffectGraphs":true,"m_FxEnabled":false},"in2DMode":false,"pivot":{"x":-0.0012676715850830079,"y":-0.4393974840641022,"z":-0.0010833293199539185},"rotation":{"x":0.25875985622406008,"y":-0.161749005317688,"z":0.043903157114982608,"w":0.9515367746353149},"size":0.37332871556282046,"orthographic":false}