{"cameraMode":{"drawMode":0,"name":"Shaded","section":"Shading Mode"},"sceneLighting":false,"audioPlay":false,"sceneViewState":{"showFog":true,"showMaterialUpdate":false,"showSkybox":false,"showFlares":true,"showImageEffects":true,"showParticleSystems":true,"showVisualEffectGraphs":true,"m_FxEnabled":true},"in2DMode":false,"pivot":{"x":-1.3388822078704835,"y":1.2862417697906495,"z":-0.43939685821533205},"rotation":{"x":-0.006039021071046591,"y":-0.9927542805671692,"z":0.05664883926510811,"w":-0.10583235323429108},"size":3.3000171184539797,"orthographic":false}