{"cameraMode":{"drawMode":0,"name":"Shaded","section":"Shading Mode"},"sceneLighting":false,"audioPlay":false,"sceneViewState":{"showFog":true,"showMaterialUpdate":false,"showSkybox":false,"showFlares":true,"showImageEffects":false,"showParticleSystems":true,"showVisualEffectGraphs":true,"m_FxEnabled":true},"in2DMode":false,"pivot":{"x":0.18487262725830079,"y":0.8323554396629334,"z":-0.47164130210876467},"rotation":{"x":0.11329834163188935,"y":0.801501452922821,"z":-0.16080571711063386,"w":0.5647264122962952},"size":5.699826240539551,"orthographic":false}