{"cameraMode":{"drawMode":0,"name":"Shaded","section":"Shading Mode"},"sceneLighting":false,"audioPlay":false,"sceneViewState":{"showFog":true,"showMaterialUpdate":false,"showSkybox":false,"showFlares":true,"showImageEffects":true,"showParticleSystems":true,"showVisualEffectGraphs":true,"m_FxEnabled":true},"in2DMode":false,"pivot":{"x":-0.8266156911849976,"y":5.231876850128174,"z":2.164885997772217},"rotation":{"x":0.18076157569885255,"y":-0.023601748049259187,"z":0.004375692456960678,"w":0.9832568168640137},"size":0.7794228196144104,"orthographic":false}