{"cameraMode":{"drawMode":0,"name":"Shaded","section":"Shading Mode"},"sceneLighting":false,"audioPlay":false,"sceneViewState":{"showFog":true,"showMaterialUpdate":false,"showSkybox":false,"showFlares":true,"showImageEffects":true,"showParticleSystems":true,"showVisualEffectGraphs":true,"m_FxEnabled":false},"in2DMode":false,"pivot":{"x":-5.244936466217041,"y":1.0839872360229493,"z":23.518169403076173},"rotation":{"x":-0.00926881656050682,"y":-0.09525392204523087,"z":0.0008787463302724063,"w":-0.9954151511192322},"size":3.696272373199463,"orthographic":false}