{"cameraMode":{"drawMode":0,"name":"Shaded","section":"Shading Mode"},"sceneLighting":false,"audioPlay":false,"sceneViewState":{"showFog":true,"showMaterialUpdate":false,"showSkybox":false,"showFlares":true,"showImageEffects":true,"showParticleSystems":true,"showVisualEffectGraphs":true,"m_FxEnabled":true},"in2DMode":false,"pivot":{"x":411.1529235839844,"y":282.5536193847656,"z":35.02873229980469},"rotation":{"x":-0.12448636442422867,"y":-0.006848483346402645,"z":0.0008575767860747874,"w":-0.9922227263450623},"size":0.2660253643989563,"orthographic":false}