{"cameraMode":{"drawMode":0,"name":"Shaded","section":"Shading Mode"},"sceneLighting":false,"audioPlay":false,"sceneViewState":{"showFog":true,"showMaterialUpdate":false,"showSkybox":false,"showFlares":true,"showImageEffects":false,"showParticleSystems":true,"showVisualEffectGraphs":true,"m_FxEnabled":true},"in2DMode":false,"pivot":{"x":-0.7732594013214111,"y":0.024378076195716859,"z":0.772339403629303},"rotation":{"x":0.03142961487174034,"y":0.06888741999864578,"z":-0.0021814515348523857,"w":0.9973208904266357},"size":1.2708072662353516,"orthographic":false}