{"cameraMode":{"drawMode":0,"name":"Shaded","section":"Shading Mode"},"sceneLighting":false,"audioPlay":false,"sceneViewState":{"showFog":true,"showMaterialUpdate":false,"showSkybox":false,"showFlares":true,"showImageEffects":false,"showParticleSystems":true,"showVisualEffectGraphs":true,"m_FxEnabled":true},"in2DMode":false,"pivot":{"x":-0.10254859924316406,"y":-0.28707027435302737,"z":0.00000286102294921875},"rotation":{"x":0.23174482583999635,"y":-0.03209512308239937,"z":0.007649722043424845,"w":0.9722192883491516},"size":43.05574417114258,"orthographic":false}