{"cameraMode":{"drawMode":0,"name":"Shaded","section":"Shading Mode"},"sceneLighting":false,"audioPlay":false,"sceneViewState":{"showFog":true,"showMaterialUpdate":false,"showSkybox":false,"showFlares":true,"showImageEffects":false,"showParticleSystems":true,"showVisualEffectGraphs":true,"m_FxEnabled":true},"in2DMode":false,"pivot":{"x":3.8028602600097658,"y":-0.4733533561229706,"z":-32.551856994628909},"rotation":{"x":0.07739634066820145,"y":0.3398788273334503,"z":-0.028360256925225259,"w":0.9370806217193604},"size":0.9677874445915222,"orthographic":false}