{"cameraMode":{"drawMode":0,"name":"Shaded","section":"Shading Mode"},"sceneLighting":false,"audioPlay":false,"sceneViewState":{"showFog":true,"showMaterialUpdate":false,"showSkybox":false,"showFlares":true,"showImageEffects":true,"showParticleSystems":true,"showVisualEffectGraphs":true,"m_FxEnabled":true},"in2DMode":false,"pivot":{"x":505.810302734375,"y":317.8641357421875,"z":-0.09730100631713867},"rotation":{"x":0.0013435421278700233,"y":-0.9971368312835693,"z":0.07342230528593064,"w":0.018246043473482133},"size":2.276531457901001,"orthographic":false}