{"cameraMode":{"drawMode":0,"name":"Shaded","section":"Shading Mode"},"sceneLighting":false,"audioPlay":false,"sceneViewState":{"showFog":true,"showMaterialUpdate":false,"showSkybox":false,"showFlares":true,"showImageEffects":true,"showParticleSystems":true,"showVisualEffectGraphs":true,"m_FxEnabled":true},"in2DMode":false,"pivot":{"x":0.09687870740890503,"y":0.8241004943847656,"z":0.17971038818359376},"rotation":{"x":-0.09424255043268204,"y":0.09453079849481583,"z":-0.008987115696072579,"w":-0.991028368473053},"size":1.5000174045562745,"orthographic":false}