{"cameraMode":{"drawMode":0,"name":"Shaded","section":"Shading Mode"},"sceneLighting":false,"audioPlay":false,"sceneViewState":{"showFog":true,"showMaterialUpdate":false,"showSkybox":false,"showFlares":true,"showImageEffects":true,"showParticleSystems":true,"showVisualEffectGraphs":true,"m_FxEnabled":true},"in2DMode":false,"pivot":{"x":1.0520212650299073,"y":0.16154015064239503,"z":0.34067535400390627},"rotation":{"x":0.18076157569885255,"y":-0.023601748049259187,"z":0.004375692456960678,"w":0.9832568168640137},"size":2.400009870529175,"orthographic":false}