{"cameraMode":{"drawMode":0,"name":"Shaded","section":"Shading Mode"},"sceneLighting":false,"audioPlay":false,"sceneViewState":{"showFog":true,"showMaterialUpdate":false,"showSkybox":false,"showFlares":true,"showImageEffects":false,"showParticleSystems":true,"showVisualEffectGraphs":true,"m_FxEnabled":false},"in2DMode":false,"pivot":{"x":0.002517610788345337,"y":-0.439363032579422,"z":-0.0019304007291793824},"rotation":{"x":0.25875985622406008,"y":-0.161749005317688,"z":0.043903157114982608,"w":0.9515367746353149},"size":0.32636168599128725,"orthographic":false}