{"cameraMode":{"drawMode":0,"name":"Shaded","section":"Shading Mode"},"sceneLighting":false,"audioPlay":false,"sceneViewState":{"showFog":true,"showMaterialUpdate":false,"showSkybox":false,"showFlares":true,"showImageEffects":true,"showParticleSystems":true,"showVisualEffectGraphs":true,"m_FxEnabled":false},"in2DMode":false,"pivot":{"x":31.61469268798828,"y":0.25683438777923586,"z":51.571754455566409},"rotation":{"x":-0.03161223977804184,"y":-0.11012367159128189,"z":0.0034945288207381965,"w":-0.9934068918228149},"size":1.166024923324585,"orthographic":false}