{"cameraMode":{"drawMode":0,"name":"Shaded","section":"Shading Mode"},"sceneLighting":false,"audioPlay":false,"sceneViewState":{"showFog":true,"showMaterialUpdate":false,"showSkybox":false,"showFlares":true,"showImageEffects":false,"showParticleSystems":true,"showVisualEffectGraphs":true,"m_FxEnabled":true},"in2DMode":false,"pivot":{"x":-0.12784749269485475,"y":0.4061777591705322,"z":6.453232765197754},"rotation":{"x":0.08687122911214829,"y":-0.02091878093779087,"z":0.001824593055061996,"w":0.9959995150566101},"size":9.182842254638672,"orthographic":false}