{"cameraMode":{"drawMode":0,"name":"Shaded","section":"Shading Mode"},"sceneLighting":false,"audioPlay":false,"sceneViewState":{"showFog":true,"showMaterialUpdate":false,"showSkybox":false,"showFlares":true,"showImageEffects":false,"showParticleSystems":true,"showVisualEffectGraphs":true,"m_FxEnabled":true},"in2DMode":false,"pivot":{"x":2.384185791015625e-7,"y":-1.1920928955078126e-7,"z":-0.24995623528957368},"rotation":{"x":0.02959126979112625,"y":0.7405247092247009,"z":0.03268157318234444,"w":-0.6706033945083618},"size":0.9572847485542297,"orthographic":false}