{"cameraMode":{"drawMode":0,"name":"Shaded","section":"Shading Mode"},"sceneLighting":false,"audioPlay":false,"sceneViewState":{"showFog":true,"showMaterialUpdate":false,"showSkybox":false,"showFlares":true,"showImageEffects":false,"showParticleSystems":true,"showVisualEffectGraphs":true,"m_FxEnabled":true},"in2DMode":false,"pivot":{"x":967.7975463867188,"y":483.6156005859375,"z":-36.692543029785159},"rotation":{"x":0.0030060892459005119,"y":-0.013858879916369915,"z":-0.000012015124411846045,"w":1.0001283884048463},"size":694.1782836914063,"orthographic":false}