{"cameraMode":{"drawMode":0,"name":"Shaded","section":"Shading Mode"},"sceneLighting":false,"audioPlay":false,"sceneViewState":{"showFog":true,"showMaterialUpdate":false,"showSkybox":false,"showFlares":true,"showImageEffects":false,"showParticleSystems":true,"showVisualEffectGraphs":true,"m_FxEnabled":true},"in2DMode":false,"pivot":{"x":2.2099685668945314,"y":-0.05662202835083008,"z":0.450176477432251},"rotation":{"x":0.10559327900409699,"y":0.13677389919757844,"z":-0.014664262533187867,"w":0.9848510026931763},"size":3.6000170707702638,"orthographic":false}