{"cameraMode":{"drawMode":0,"name":"Shaded","section":"Shading Mode"},"sceneLighting":false,"audioPlay":false,"sceneViewState":{"showFog":true,"showMaterialUpdate":false,"showSkybox":false,"showFlares":true,"showImageEffects":false,"showParticleSystems":true,"showVisualEffectGraphs":true,"m_FxEnabled":true},"in2DMode":false,"pivot":{"x":-0.000002318673978152219,"y":-0.000016118605344672687,"z":0.00004663606523536146},"rotation":{"x":0.3861124515533447,"y":0.30339255928993227,"z":-0.13614590466022492,"w":0.8604281544685364},"size":0.000017320508050033823,"orthographic":false}