{"cameraMode":{"drawMode":0,"name":"Shaded","section":"Shading Mode"},"sceneLighting":false,"audioPlay":false,"sceneViewState":{"showFog":true,"showMaterialUpdate":false,"showSkybox":false,"showFlares":true,"showImageEffects":false,"showParticleSystems":true,"showVisualEffectGraphs":true,"m_FxEnabled":true},"in2DMode":false,"pivot":{"x":-2.064466953277588,"y":0.30231451988220217,"z":-2.3062329292297365},"rotation":{"x":0.0036787178833037616,"y":0.9950954914093018,"z":-0.09011183679103852,"w":0.04062330722808838},"size":6.9448065757751469,"orthographic":false}