{"cameraMode":{"drawMode":0,"name":"Shaded","section":"Shading Mode"},"sceneLighting":false,"audioPlay":false,"sceneViewState":{"showFog":true,"showMaterialUpdate":false,"showSkybox":false,"showFlares":true,"showImageEffects":true,"showParticleSystems":true,"showVisualEffectGraphs":true,"m_FxEnabled":true},"in2DMode":false,"pivot":{"x":26.579208374023439,"y":1.2869377136230469,"z":-8.041940689086914},"rotation":{"x":0.006296707782894373,"y":0.07193249464035034,"z":-0.0004194953653495759,"w":0.9974112510681152},"size":2.199633836746216,"orthographic":false}