{"cameraMode":{"drawMode":0,"name":"Shaded","section":"Shading Mode"},"sceneLighting":false,"audioPlay":false,"sceneViewState":{"showFog":true,"showMaterialUpdate":false,"showSkybox":false,"showFlares":true,"showImageEffects":true,"showParticleSystems":true,"showVisualEffectGraphs":true,"m_FxEnabled":false},"in2DMode":false,"pivot":{"x":0.5013357400894165,"y":0.1653425246477127,"z":2.1038575172424318},"rotation":{"x":0.04014407843351364,"y":-0.04135773703455925,"z":-0.0016727920155972243,"w":-0.9983341693878174},"size":2.356795310974121,"orthographic":false}