{"cameraMode":{"drawMode":0,"name":"Shaded","section":"Shading Mode"},"sceneLighting":true,"audioPlay":false,"sceneViewState":{"showFog":true,"showMaterialUpdate":false,"showSkybox":false,"showFlares":true,"showImageEffects":false,"showParticleSystems":true,"showVisualEffectGraphs":true,"m_FxEnabled":true},"in2DMode":false,"pivot":{"x":1.7067492008209229,"y":2.701714515686035,"z":-32.998138427734378},"rotation":{"x":0.05241766944527626,"y":0.04938004910945892,"z":-0.0027952129021286966,"w":0.9976376295089722},"size":5.552131652832031,"orthographic":false}