{"cameraMode":{"drawMode":0,"name":"Shaded","section":"Shading Mode"},"sceneLighting":true,"audioPlay":false,"sceneViewState":{"showFog":true,"showMaterialUpdate":false,"showSkybox":false,"showFlares":true,"showImageEffects":false,"showParticleSystems":true,"showVisualEffectGraphs":true,"m_FxEnabled":true},"in2DMode":false,"pivot":{"x":1.3589234352111817,"y":3.5387492179870607,"z":-26.41411590576172},"rotation":{"x":0.03896448388695717,"y":-0.04349701851606369,"z":0.001708360854536295,"w":0.9984814524650574},"size":7.071498394012451,"orthographic":false}