{"cameraMode":{"drawMode":0,"name":"Shaded","section":"Shading Mode"},"sceneLighting":false,"audioPlay":false,"sceneViewState":{"showFog":true,"showMaterialUpdate":false,"showSkybox":false,"showFlares":true,"showImageEffects":true,"showParticleSystems":true,"showVisualEffectGraphs":true,"m_FxEnabled":false},"in2DMode":false,"pivot":{"x":32.303287506103519,"y":0.7680618762969971,"z":52.0655403137207},"rotation":{"x":-0.03161223977804184,"y":-0.11012367159128189,"z":0.0034945288207381965,"w":-0.9934068918228149},"size":1.1660265922546387,"orthographic":false}