{"cameraMode":{"drawMode":0,"name":"Shaded","section":"Shading Mode"},"sceneLighting":false,"audioPlay":false,"sceneViewState":{"showFog":true,"showMaterialUpdate":false,"showSkybox":false,"showFlares":true,"showImageEffects":true,"showParticleSystems":true,"showVisualEffectGraphs":true,"m_FxEnabled":true},"in2DMode":false,"pivot":{"x":1.2908340692520142,"y":0.13198035955429078,"z":0.5866029262542725},"rotation":{"x":-0.11251676827669144,"y":-0.030701084062457086,"z":0.0034787359181791546,"w":-0.9931724667549133},"size":3.1246840953826906,"orthographic":false}