{"cameraMode":{"drawMode":0,"name":"Shaded","section":"Shading Mode"},"sceneLighting":false,"audioPlay":false,"sceneViewState":{"showFog":true,"showMaterialUpdate":false,"showSkybox":false,"showFlares":true,"showImageEffects":false,"showParticleSystems":true,"showVisualEffectGraphs":true,"m_FxEnabled":true},"in2DMode":false,"pivot":{"x":1001.244384765625,"y":506.1831359863281,"z":30.033172607421876},"rotation":{"x":0.014999492093920708,"y":-0.019853105768561364,"z":0.0005614730762317777,"w":0.9999132752418518},"size":164.06344604492188,"orthographic":false}