{"cameraMode":{"drawMode":0,"name":"Shaded","section":"Shading Mode"},"sceneLighting":false,"audioPlay":false,"sceneViewState":{"showFog":true,"showMaterialUpdate":false,"showSkybox":false,"showFlares":true,"showImageEffects":false,"showParticleSystems":true,"showVisualEffectGraphs":true,"m_FxEnabled":true},"in2DMode":false,"pivot":{"x":-0.610692024230957,"y":0.9286753535270691,"z":-0.12400388717651367},"rotation":{"x":0.08984772115945816,"y":-0.028070617467164995,"z":0.0025265999138355257,"w":0.9956157803535461},"size":1.4688048362731934,"orthographic":false}