{"cameraMode":{"drawMode":0,"name":"Shaded","section":"Shading Mode"},"sceneLighting":false,"audioPlay":false,"sceneViewState":{"showFog":true,"showMaterialUpdate":false,"showSkybox":false,"showFlares":true,"showImageEffects":true,"showParticleSystems":true,"showVisualEffectGraphs":true,"m_FxEnabled":true},"in2DMode":false,"pivot":{"x":-0.000020256449715816416,"y":0.000021785441276733764,"z":-0.012192388996481896},"rotation":{"x":0.037180181592702869,"y":0.9554480314254761,"z":-0.13738243281841279,"w":0.2585749924182892},"size":53.878299713134769,"orthographic":false}