{"cameraMode":{"drawMode":0,"name":"Shaded","section":"Shading Mode"},"sceneLighting":false,"audioPlay":false,"sceneViewState":{"showFog":true,"showMaterialUpdate":false,"showSkybox":false,"showFlares":true,"showImageEffects":false,"showParticleSystems":true,"showVisualEffectGraphs":true,"m_FxEnabled":true},"in2DMode":false,"pivot":{"x":-0.18425297737121583,"y":0.00043189525604248047,"z":-0.6958503723144531},"rotation":{"x":0.13702209293842317,"y":-0.08786548674106598,"z":0.012557217851281166,"w":0.9867957830429077},"size":2.3515381813049318,"orthographic":false}