{"cameraMode":{"drawMode":0,"name":"Shaded","section":"Shading Mode"},"sceneLighting":false,"audioPlay":false,"sceneViewState":{"showFog":true,"showMaterialUpdate":false,"showSkybox":false,"showFlares":true,"showImageEffects":true,"showParticleSystems":true,"showVisualEffectGraphs":true,"m_FxEnabled":true},"in2DMode":false,"pivot":{"x":-1.2239782810211182,"y":4.3577351570129398,"z":-0.7744035720825195},"rotation":{"x":-0.006039021071046591,"y":-0.9927542805671692,"z":0.05664883926510811,"w":-0.10583235323429108},"size":5.422459602355957,"orthographic":false}