{"cameraMode":{"drawMode":0,"name":"Shaded","section":"Shading Mode"},"sceneLighting":false,"audioPlay":false,"sceneViewState":{"showFog":true,"showMaterialUpdate":false,"showSkybox":false,"showFlares":true,"showImageEffects":false,"showParticleSystems":true,"showVisualEffectGraphs":true,"m_FxEnabled":true},"in2DMode":false,"pivot":{"x":-0.07963031530380249,"y":1.2024070024490357,"z":-0.02012777328491211},"rotation":{"x":-0.0029328414238989355,"y":0.9964406490325928,"z":-0.03918992355465889,"w":-0.07457207888364792},"size":2.9126200675964357,"orthographic":false}