{"cameraMode":{"drawMode":0,"name":"Shaded","section":"Shading Mode"},"sceneLighting":false,"audioPlay":false,"sceneViewState":{"showFog":true,"showMaterialUpdate":false,"showSkybox":false,"showFlares":true,"showImageEffects":true,"showParticleSystems":true,"showVisualEffectGraphs":true,"m_FxEnabled":true},"in2DMode":false,"pivot":{"x":0.36356058716773989,"y":7.102017402648926,"z":0.14244413375854493},"rotation":{"x":-0.06430758535861969,"y":0.1185704693198204,"z":-0.007693122141063213,"w":-0.9908502101898193},"size":0.5598076581954956,"orthographic":false}