{"cameraMode":{"drawMode":0,"name":"Shaded","section":"Shading Mode"},"sceneLighting":false,"audioPlay":false,"sceneViewState":{"showFog":true,"showMaterialUpdate":false,"showSkybox":false,"showFlares":true,"showImageEffects":true,"showParticleSystems":true,"showVisualEffectGraphs":true,"m_FxEnabled":false},"in2DMode":false,"pivot":{"x":0.4396251142024994,"y":9.365206718444825,"z":-52.87727737426758},"rotation":{"x":0.08719922602176666,"y":0.0059740073047578339,"z":-0.0005126404576003552,"w":0.996173620223999},"size":1.0488953590393067,"orthographic":false}