{"cameraMode":{"drawMode":0,"name":"Shaded","section":"Shading Mode"},"sceneLighting":false,"audioPlay":false,"sceneViewState":{"showFog":true,"showMaterialUpdate":false,"showSkybox":false,"showFlares":true,"showImageEffects":false,"showParticleSystems":true,"showVisualEffectGraphs":true,"m_FxEnabled":true},"in2DMode":false,"pivot":{"x":1.153220534324646,"y":0.07760071754455567,"z":0.21894121170043946},"rotation":{"x":-0.09289082139730454,"y":-0.006576681975275278,"z":0.000034025899367406964,"w":-0.995863139629364},"size":2.9515380859375,"orthographic":false}