{"cameraMode":{"drawMode":0,"name":"Shaded","section":"Shading Mode"},"sceneLighting":false,"audioPlay":false,"sceneViewState":{"showFog":true,"showMaterialUpdate":false,"showSkybox":false,"showFlares":true,"showImageEffects":true,"showParticleSystems":true,"showVisualEffectGraphs":true,"m_FxEnabled":true},"in2DMode":false,"pivot":{"x":6.8024001121521,"y":1.5135347843170167,"z":-1.5004407167434693},"rotation":{"x":0.00622750585898757,"y":0.16720572113990785,"z":-0.0010211095213890076,"w":0.9859237670898438},"size":2.9616003036499025,"orthographic":false}