{"cameraMode":{"drawMode":0,"name":"Shaded","section":"Shading Mode"},"sceneLighting":false,"audioPlay":false,"sceneViewState":{"showFog":true,"showMaterialUpdate":false,"showSkybox":false,"showFlares":true,"showImageEffects":false,"showParticleSystems":true,"showVisualEffectGraphs":true,"m_FxEnabled":true},"in2DMode":false,"pivot":{"x":-0.0008477941155433655,"y":-0.0002518012188374996,"z":-0.0010061918292194605},"rotation":{"x":0.11232379823923111,"y":-0.6057286858558655,"z":0.08690544962882996,"w":0.7828947305679321},"size":0.005881190299987793,"orthographic":false}