{"cameraMode":{"drawMode":0,"name":"Shaded","section":"Shading Mode"},"sceneLighting":false,"audioPlay":false,"sceneViewState":{"showFog":true,"showMaterialUpdate":false,"showSkybox":false,"showFlares":true,"showImageEffects":false,"showParticleSystems":true,"showVisualEffectGraphs":true,"m_FxEnabled":true},"in2DMode":false,"pivot":{"x":0.8171255588531494,"y":-0.0212535560131073,"z":1.0169932842254639},"rotation":{"x":-0.04649804159998894,"y":-0.0035682558082044126,"z":-0.00029760063625872135,"w":-0.9991217255592346},"size":1.5788428783416749,"orthographic":false}