{"cameraMode":{"drawMode":0,"name":"Shaded","section":"Shading Mode"},"sceneLighting":false,"audioPlay":false,"sceneViewState":{"showFog":true,"showMaterialUpdate":false,"showSkybox":false,"showFlares":true,"showImageEffects":false,"showParticleSystems":true,"showVisualEffectGraphs":true,"m_FxEnabled":true},"in2DMode":false,"pivot":{"x":-13.263208389282227,"y":0.11856735497713089,"z":0.003667593002319336},"rotation":{"x":-0.0008935626829043031,"y":0.1042187362909317,"z":-0.00009326913277618587,"w":-0.9945630431175232},"size":2.032050848007202,"orthographic":false}