{"cameraMode":{"drawMode":0,"name":"Shaded","section":"Shading Mode"},"sceneLighting":false,"audioPlay":false,"sceneViewState":{"showFog":true,"showMaterialUpdate":false,"showSkybox":false,"showFlares":true,"showImageEffects":false,"showParticleSystems":true,"showVisualEffectGraphs":true,"m_FxEnabled":true},"in2DMode":false,"pivot":{"x":-13.26577091217041,"y":0.172947496175766,"z":0.023337960243225099},"rotation":{"x":-0.00534071447327733,"y":0.14588406682014466,"z":-0.0007871293928474188,"w":-0.9892957210540772},"size":0.8320509791374207,"orthographic":false}