{"cameraMode":{"drawMode":0,"name":"Shaded","section":"Shading Mode"},"sceneLighting":false,"audioPlay":false,"sceneViewState":{"showFog":true,"showMaterialUpdate":false,"showSkybox":false,"showFlares":true,"showImageEffects":false,"showParticleSystems":true,"showVisualEffectGraphs":true,"m_FxEnabled":true},"in2DMode":false,"pivot":{"x":0.17653539776802064,"y":-0.014614284969866276,"z":0.010889023542404175},"rotation":{"x":0.2084345668554306,"y":0.021995242685079576,"z":-0.004586313385516405,"w":0.9778819680213928},"size":0.15209001302719117,"orthographic":false}