{"cameraMode":{"drawMode":0,"name":"Shaded","section":"Shading Mode"},"sceneLighting":false,"audioPlay":false,"sceneViewState":{"showFog":true,"showMaterialUpdate":false,"showSkybox":false,"showFlares":true,"showImageEffects":true,"showParticleSystems":true,"showVisualEffectGraphs":true,"m_FxEnabled":true},"in2DMode":false,"pivot":{"x":-19.388174057006837,"y":2.4290432929992677,"z":6.792032241821289},"rotation":{"x":0.00622750585898757,"y":0.16720572113990785,"z":-0.0010211095213890076,"w":0.9859237670898438},"size":1.8990380764007569,"orthographic":false}