{"cameraMode":{"drawMode":0,"name":"Shaded","section":"Shading Mode"},"sceneLighting":false,"audioPlay":false,"sceneViewState":{"showFog":true,"showMaterialUpdate":false,"showSkybox":false,"showFlares":true,"showImageEffects":true,"showParticleSystems":true,"showVisualEffectGraphs":true,"m_FxEnabled":false},"in2DMode":false,"pivot":{"x":34.25169372558594,"y":0.6942469477653503,"z":50.97813034057617},"rotation":{"x":-0.024099519476294519,"y":-0.47036489844322207,"z":0.012840344570577145,"w":-0.8820480704307556},"size":0.8660253882408142,"orthographic":false}