{"cameraMode":{"drawMode":0,"name":"Shaded","section":"Shading Mode"},"sceneLighting":false,"audioPlay":false,"sceneViewState":{"showFog":true,"showMaterialUpdate":false,"showSkybox":false,"showFlares":true,"showImageEffects":false,"showParticleSystems":true,"showVisualEffectGraphs":true,"m_FxEnabled":true},"in2DMode":false,"pivot":{"x":0.25448161363601687,"y":0.9369221329689026,"z":0.4405827522277832},"rotation":{"x":-0.006878329440951347,"y":-0.07701568305492401,"z":0.0005307692917995155,"w":-0.997026264667511},"size":0.8660253286361694,"orthographic":false}