{"cameraMode":{"drawMode":0,"name":"Shaded","section":"Shading Mode"},"sceneLighting":false,"audioPlay":false,"sceneViewState":{"showFog":true,"showMaterialUpdate":false,"showSkybox":false,"showFlares":true,"showImageEffects":false,"showParticleSystems":true,"showVisualEffectGraphs":true,"m_FxEnabled":true},"in2DMode":false,"pivot":{"x":-0.3022666573524475,"y":0.05372577905654907,"z":-0.6521835327148438},"rotation":{"x":0.09736169874668122,"y":-0.010776756331324578,"z":0.0013552228920161725,"w":0.9954003691673279},"size":2.0515382289886476,"orthographic":false}