{"cameraMode":{"drawMode":0,"name":"Shaded","section":"Shading Mode"},"sceneLighting":false,"audioPlay":false,"sceneViewState":{"showFog":true,"showMaterialUpdate":false,"showSkybox":false,"showFlares":true,"showImageEffects":true,"showParticleSystems":true,"showVisualEffectGraphs":true,"m_FxEnabled":false},"in2DMode":false,"pivot":{"x":-1.0279403924942017,"y":1.7559407949447632,"z":-0.00135040283203125},"rotation":{"x":-0.000013500707609637175,"y":0.9999828934669495,"z":-0.002999874297529459,"w":-0.004499855916947126},"size":3.313413381576538,"orthographic":false}