{"cameraMode":{"drawMode":0,"name":"Shaded","section":"Shading Mode"},"sceneLighting":false,"audioPlay":false,"sceneViewState":{"showFog":true,"showMaterialUpdate":false,"showSkybox":false,"showFlares":true,"showImageEffects":true,"showParticleSystems":true,"showVisualEffectGraphs":true,"m_FxEnabled":true},"in2DMode":false,"pivot":{"x":0.5026008486747742,"y":-0.39939168095588686,"z":1.7450966835021973},"rotation":{"x":0.042221713811159137,"y":0.05990776792168617,"z":-0.0025316490791738035,"w":0.9973154067993164},"size":4.6164870262146,"orthographic":false}