{"cameraMode":{"drawMode":0,"name":"Shaded","section":"Shading Mode"},"sceneLighting":false,"audioPlay":false,"sceneViewState":{"showFog":true,"showMaterialUpdate":false,"showSkybox":false,"showFlares":true,"showImageEffects":true,"showParticleSystems":true,"showVisualEffectGraphs":true,"m_FxEnabled":true},"in2DMode":false,"pivot":{"x":-0.45205557346343996,"y":-1.3551688194274903,"z":3.6261119842529299},"rotation":{"x":0.19829575717449189,"y":-0.042625587433576587,"z":0.008632185868918896,"w":0.9791815280914307},"size":4.371555328369141,"orthographic":false}