{"cameraMode":{"drawMode":0,"name":"Shaded","section":"Shading Mode"},"sceneLighting":false,"audioPlay":false,"sceneViewState":{"showFog":true,"showMaterialUpdate":false,"showSkybox":false,"showFlares":true,"showImageEffects":true,"showParticleSystems":true,"showVisualEffectGraphs":true,"m_FxEnabled":true},"in2DMode":false,"pivot":{"x":0.26734763383865359,"y":-0.0010367631912231446,"z":0.07610897719860077},"rotation":{"x":-0.004816898610442877,"y":0.9924374222755432,"z":-0.11545048654079437,"w":-0.041407596319913867},"size":3.142641305923462,"orthographic":false}