{"cameraMode":{"drawMode":0,"name":"Shaded","section":"Shading Mode"},"sceneLighting":false,"audioPlay":false,"sceneViewState":{"showFog":true,"showMaterialUpdate":false,"showSkybox":false,"showFlares":true,"showImageEffects":true,"showParticleSystems":true,"showVisualEffectGraphs":true,"m_FxEnabled":true},"in2DMode":false,"pivot":{"x":-0.08340659737586975,"y":0.9470498561859131,"z":4.373541831970215},"rotation":{"x":-0.013189815916121006,"y":-0.007503685541450977,"z":-0.00009907517960527912,"w":0.9998895525932312},"size":5.571556091308594,"orthographic":false}