{"cameraMode":{"drawMode":0,"name":"Shaded","section":"Shading Mode"},"sceneLighting":false,"audioPlay":false,"sceneViewState":{"showFog":true,"showMaterialUpdate":false,"showSkybox":false,"showFlares":true,"showImageEffects":true,"showParticleSystems":true,"showVisualEffectGraphs":true,"m_FxEnabled":true},"in2DMode":false,"pivot":{"x":0.7901242971420288,"y":-0.1919558048248291,"z":0.7806582450866699},"rotation":{"x":-0.013472707010805607,"y":0.06385879218578339,"z":-0.0008621328161098063,"w":-0.9978756308555603},"size":3.3687591552734377,"orthographic":false}