{"cameraMode":{"drawMode":0,"name":"Shaded","section":"Shading Mode"},"sceneLighting":false,"audioPlay":false,"sceneViewState":{"showFog":true,"showMaterialUpdate":false,"showSkybox":false,"showFlares":true,"showImageEffects":true,"showParticleSystems":true,"showVisualEffectGraphs":true,"m_FxEnabled":true},"in2DMode":false,"pivot":{"x":0.40091371536254885,"y":-0.09075957536697388,"z":-0.7861686944961548},"rotation":{"x":0.11441623419523239,"y":-0.012345610186457634,"z":0.0010286448523402215,"w":0.9934569001197815},"size":1.016096591949463,"orthographic":false}