{"cameraMode":{"drawMode":0,"name":"Shaded","section":"Shading Mode"},"sceneLighting":false,"audioPlay":false,"sceneViewState":{"showFog":true,"showMaterialUpdate":false,"showSkybox":false,"showFlares":true,"showImageEffects":true,"showParticleSystems":true,"showVisualEffectGraphs":true,"m_FxEnabled":false},"in2DMode":false,"pivot":{"x":-0.5754134654998779,"y":0.7736049890518189,"z":1.2965927124023438},"rotation":{"x":-0.09615787118673325,"y":0.008059671148657799,"z":-0.0007786056958138943,"w":-0.9953345060348511},"size":4.207394599914551,"orthographic":false}