{"cameraMode":{"drawMode":0,"name":"Shaded","section":"Shading Mode"},"sceneLighting":false,"audioPlay":false,"sceneViewState":{"showFog":true,"showMaterialUpdate":false,"showSkybox":false,"showFlares":true,"showImageEffects":false,"showParticleSystems":true,"showVisualEffectGraphs":true,"m_FxEnabled":true},"in2DMode":false,"pivot":{"x":0.7087504863739014,"y":20.486722946166993,"z":394.5246887207031},"rotation":{"x":0.049715928733348849,"y":0.3196578025817871,"z":-0.016801970079541208,"w":0.9461414813995361},"size":3.300013542175293,"orthographic":false}