{"cameraMode":{"drawMode":0,"name":"Shaded","section":"Shading Mode"},"sceneLighting":false,"audioPlay":false,"sceneViewState":{"showFog":true,"showMaterialUpdate":false,"showSkybox":false,"showFlares":true,"showImageEffects":false,"showParticleSystems":true,"showVisualEffectGraphs":true,"m_FxEnabled":true},"in2DMode":false,"pivot":{"x":1.2988290786743165,"y":0.3742346167564392,"z":1.457571268081665},"rotation":{"x":0.01437978632748127,"y":-0.1256212294101715,"z":0.0022536360193043949,"w":0.9919748306274414},"size":2.9079418182373049,"orthographic":false}