{"cameraMode":{"drawMode":0,"name":"Shaded","section":"Shading Mode"},"sceneLighting":false,"audioPlay":false,"sceneViewState":{"showFog":true,"showMaterialUpdate":false,"showSkybox":false,"showFlares":true,"showImageEffects":false,"showParticleSystems":true,"showVisualEffectGraphs":true,"m_FxEnabled":true},"in2DMode":false,"pivot":{"x":-0.7762515544891357,"y":0.17079788446426392,"z":2.465610980987549},"rotation":{"x":-0.00041154015343636274,"y":0.08691706508398056,"z":0.0004666841705329716,"w":0.9962189197540283},"size":3.507941722869873,"orthographic":false}