{"cameraMode":{"drawMode":0,"name":"Shaded","section":"Shading Mode"},"sceneLighting":false,"audioPlay":false,"sceneViewState":{"showFog":true,"showMaterialUpdate":false,"showSkybox":false,"showFlares":true,"showImageEffects":false,"showParticleSystems":true,"showVisualEffectGraphs":true,"m_FxEnabled":true},"in2DMode":false,"pivot":{"x":0.6265043616294861,"y":0.4921543002128601,"z":1.5495836734771729},"rotation":{"x":-0.07238736003637314,"y":-0.000004270976660336601,"z":0.0004299296997487545,"w":0.9973793029785156},"size":3.207941770553589,"orthographic":false}