{"cameraMode":{"drawMode":0,"name":"Shaded","section":"Shading Mode"},"sceneLighting":false,"audioPlay":false,"sceneViewState":{"showFog":true,"showMaterialUpdate":false,"showSkybox":false,"showFlares":true,"showImageEffects":true,"showParticleSystems":true,"showVisualEffectGraphs":true,"m_FxEnabled":true},"in2DMode":false,"pivot":{"x":0.0051055531948804859,"y":0.030903298407793046,"z":-0.01082468032836914},"rotation":{"x":-0.2660352289676666,"y":0.06961669027805329,"z":-0.01926751621067524,"w":-0.9612549543380737},"size":1.8499999046325684,"orthographic":false}