{"cameraMode":{"drawMode":0,"name":"Shaded","section":"Shading Mode"},"sceneLighting":false,"audioPlay":false,"sceneViewState":{"showFog":true,"showMaterialUpdate":false,"showSkybox":false,"showFlares":true,"showImageEffects":true,"showParticleSystems":true,"showVisualEffectGraphs":true,"m_FxEnabled":true},"in2DMode":false,"pivot":{"x":-1.1112754344940186,"y":0.8390140533447266,"z":-0.3379356861114502},"rotation":{"x":-0.006039021071046591,"y":-0.9927542805671692,"z":0.05664883926510811,"w":-0.10583235323429108},"size":1.8000173568725587,"orthographic":false}