{"cameraMode":{"drawMode":0,"name":"Shaded","section":"Shading Mode"},"sceneLighting":false,"audioPlay":false,"sceneViewState":{"showFog":true,"showMaterialUpdate":false,"showSkybox":false,"showFlares":true,"showImageEffects":true,"showParticleSystems":true,"showVisualEffectGraphs":true,"m_FxEnabled":true},"in2DMode":false,"pivot":{"x":-0.08108463883399964,"y":-0.0441989004611969,"z":0.15777552127838136},"rotation":{"x":-0.02537917159497738,"y":0.09611671417951584,"z":-0.0024518901482224466,"w":-0.9950451850891113},"size":3.000009775161743,"orthographic":false}