{"cameraMode":{"drawMode":0,"name":"Shaded","section":"Shading Mode"},"sceneLighting":true,"audioPlay":false,"sceneViewState":{"showFog":true,"showMaterialUpdate":false,"showSkybox":true,"showFlares":true,"showImageEffects":true,"showParticleSystems":true,"showVisualEffectGraphs":true,"m_FxEnabled":false},"in2DMode":false,"pivot":{"x":1.9494712352752686,"y":1.6960031986236573,"z":-10.048030853271485},"rotation":{"x":-0.054233893752098086,"y":-0.042827311903238299,"z":0.002318436047062278,"w":-0.9976034760475159},"size":12.551668167114258,"orthographic":false}