{"cameraMode":{"drawMode":0,"name":"Shaded","section":"Shading Mode"},"sceneLighting":true,"audioPlay":false,"sceneViewState":{"showFog":true,"showMaterialUpdate":false,"showSkybox":true,"showFlares":true,"showImageEffects":true,"showParticleSystems":true,"showVisualEffectGraphs":true,"m_FxEnabled":false},"in2DMode":false,"pivot":{"x":-4.427855491638184,"y":-11.222774505615235,"z":59.79820251464844},"rotation":{"x":0.055464550852775577,"y":-0.016462387517094613,"z":0.0010812915861606598,"w":0.9983823299407959},"size":42.09495162963867,"orthographic":false}