{"cameraMode":{"drawMode":0,"name":"Shaded","section":"Shading Mode"},"sceneLighting":false,"audioPlay":false,"sceneViewState":{"showFog":true,"showMaterialUpdate":false,"showSkybox":false,"showFlares":true,"showImageEffects":true,"showParticleSystems":true,"showVisualEffectGraphs":true,"m_FxEnabled":false},"in2DMode":false,"pivot":{"x":-0.5560035109519959,"y":0.26082393527030947,"z":1.9928008317947388},"rotation":{"x":0.0014332900755107403,"y":0.9982768297195435,"z":-0.028460029512643815,"w":0.050955887883901599},"size":0.5782753229141235,"orthographic":false}