{"cameraMode":{"drawMode":0,"name":"Shaded","section":"Shading Mode"},"sceneLighting":false,"audioPlay":false,"sceneViewState":{"showFog":true,"showMaterialUpdate":false,"showSkybox":false,"showFlares":true,"showImageEffects":true,"showParticleSystems":true,"showVisualEffectGraphs":true,"m_FxEnabled":false},"in2DMode":false,"pivot":{"x":0.19780004024505616,"y":-0.39652934670448305,"z":-1.5446206331253052},"rotation":{"x":0.013955500908195973,"y":0.986003041267395,"z":-0.11889427900314331,"w":0.11589296162128449},"size":2.721724510192871,"orthographic":false}