{"cameraMode":{"drawMode":0,"name":"Shaded","section":"Shading Mode"},"sceneLighting":false,"audioPlay":false,"sceneViewState":{"showFog":true,"showMaterialUpdate":false,"showSkybox":false,"showFlares":true,"showImageEffects":true,"showParticleSystems":true,"showVisualEffectGraphs":true,"m_FxEnabled":true},"in2DMode":false,"pivot":{"x":0.24350661039352418,"y":1.880143642425537,"z":-0.32524627447128298},"rotation":{"x":-0.09424255043268204,"y":0.09453079849481583,"z":-0.008987115696072579,"w":-0.991028368473053},"size":0.6928203105926514,"orthographic":false}