{"cameraMode":{"drawMode":0,"name":"Shaded","section":"Shading Mode"},"sceneLighting":false,"audioPlay":false,"sceneViewState":{"showFog":true,"showMaterialUpdate":false,"showSkybox":false,"showFlares":true,"showImageEffects":false,"showParticleSystems":true,"showVisualEffectGraphs":true,"m_FxEnabled":true},"in2DMode":false,"pivot":{"x":0.8260769844055176,"y":1.0634684562683106,"z":0.15036547183990479},"rotation":{"x":-0.4850338399410248,"y":0.004729634616523981,"z":-0.002621958265081048,"w":-0.8745020031929016},"size":1.5291684865951539,"orthographic":false}