{"cameraMode":{"drawMode":0,"name":"Shaded","section":"Shading Mode"},"sceneLighting":false,"audioPlay":false,"sceneViewState":{"showFog":true,"showMaterialUpdate":false,"showSkybox":false,"showFlares":true,"showImageEffects":true,"showParticleSystems":true,"showVisualEffectGraphs":true,"m_FxEnabled":false},"in2DMode":false,"pivot":{"x":0.42727744579315188,"y":0.325509637594223,"z":-1.3653907775878907},"rotation":{"x":-0.000013500707609637175,"y":0.9999828934669495,"z":-0.002999874297529459,"w":-0.004499855916947126},"size":3.1688549518585207,"orthographic":false}