{"cameraMode":{"drawMode":0,"name":"Shaded","section":"Shading Mode"},"sceneLighting":false,"audioPlay":false,"sceneViewState":{"showFog":true,"showMaterialUpdate":false,"showSkybox":false,"showFlares":true,"showImageEffects":true,"showParticleSystems":true,"showVisualEffectGraphs":true,"m_FxEnabled":false},"in2DMode":false,"pivot":{"x":0.4058164358139038,"y":-0.8288730382919312,"z":3.253955841064453},"rotation":{"x":0.10744976997375488,"y":0.07895337045192719,"z":-0.00856016669422388,"w":0.9910317063331604},"size":3.1688549518585207,"orthographic":false}