{"cameraMode":{"drawMode":0,"name":"Shaded","section":"Shading Mode"},"sceneLighting":false,"audioPlay":false,"sceneViewState":{"showFog":true,"showMaterialUpdate":false,"showSkybox":false,"showFlares":true,"showImageEffects":true,"showParticleSystems":true,"showVisualEffectGraphs":true,"m_FxEnabled":false},"in2DMode":false,"pivot":{"x":-0.6287720203399658,"y":0.11429516971111298,"z":-1.3546528816223145},"rotation":{"x":-0.000013500707609637175,"y":0.9999828934669495,"z":-0.002999874297529459,"w":-0.004499855916947126},"size":1.9688551425933838,"orthographic":false}