{"cameraMode":{"drawMode":0,"name":"Shaded","section":"Shading Mode"},"sceneLighting":false,"audioPlay":false,"sceneViewState":{"showFog":true,"showMaterialUpdate":false,"showSkybox":false,"showFlares":true,"showImageEffects":true,"showParticleSystems":true,"showVisualEffectGraphs":true,"m_FxEnabled":false},"in2DMode":false,"pivot":{"x":0.6152428984642029,"y":0.1556701362133026,"z":1.086028814315796},"rotation":{"x":-0.014853745698928833,"y":0.13903221487998963,"z":0.002085641724988818,"w":0.9901745915412903},"size":3.6305224895477297,"orthographic":false}