{"cameraMode":{"drawMode":0,"name":"Shaded","section":"Shading Mode"},"sceneLighting":false,"audioPlay":false,"sceneViewState":{"showFog":true,"showMaterialUpdate":false,"showSkybox":false,"showFlares":true,"showImageEffects":true,"showParticleSystems":true,"showVisualEffectGraphs":true,"m_FxEnabled":true},"in2DMode":false,"pivot":{"x":12.481477737426758,"y":5.042522430419922,"z":2.519561767578125},"rotation":{"x":0.18076157569885255,"y":-0.023601748049259187,"z":0.004375692456960678,"w":0.9832568168640137},"size":28.413528442382814,"orthographic":false}