{"cameraMode":{"drawMode":0,"name":"Shaded","section":"Shading Mode"},"sceneLighting":false,"audioPlay":false,"sceneViewState":{"showFog":true,"showMaterialUpdate":false,"showSkybox":false,"showFlares":true,"showImageEffects":false,"showParticleSystems":true,"showVisualEffectGraphs":true,"m_FxEnabled":true},"in2DMode":false,"pivot":{"x":3.5089287757873537,"y":1.0441133975982667,"z":5.502496719360352},"rotation":{"x":0.10510876029729843,"y":-0.45457491278648379,"z":0.054119836539030078,"w":0.8828325867652893},"size":6.904795169830322,"orthographic":false}