{"cameraMode":{"drawMode":0,"name":"Shaded","section":"Shading Mode"},"sceneLighting":false,"audioPlay":false,"sceneViewState":{"showFog":true,"showMaterialUpdate":false,"showSkybox":false,"showFlares":true,"showImageEffects":true,"showParticleSystems":true,"showVisualEffectGraphs":true,"m_FxEnabled":true},"in2DMode":false,"pivot":{"x":-1.1849229335784913,"y":-0.14615727961063386,"z":0.2976765036582947},"rotation":{"x":-0.022149644792079927,"y":0.7105609178543091,"z":-0.022390080615878106,"w":-0.7029306888580322},"size":2.7142021656036379,"orthographic":false}