{"cameraMode":{"drawMode":0,"name":"Shaded","section":"Shading Mode"},"sceneLighting":false,"audioPlay":false,"sceneViewState":{"showFog":true,"showMaterialUpdate":false,"showSkybox":false,"showFlares":true,"showImageEffects":false,"showParticleSystems":true,"showVisualEffectGraphs":true,"m_FxEnabled":true},"in2DMode":false,"pivot":{"x":0.29641667008399966,"y":2.830563545227051,"z":0.7059928178787231},"rotation":{"x":-0.12962587177753449,"y":-0.14431951940059663,"z":0.019067954272031785,"w":-0.9808321595191956},"size":12.182876586914063,"orthographic":false}