{"cameraMode":{"drawMode":0,"name":"Shaded","section":"Shading Mode"},"sceneLighting":false,"audioPlay":false,"sceneViewState":{"showFog":true,"showMaterialUpdate":false,"showSkybox":false,"showFlares":true,"showImageEffects":false,"showParticleSystems":true,"showVisualEffectGraphs":true,"m_FxEnabled":true},"in2DMode":false,"pivot":{"x":-2.575222969055176,"y":1.4115656614303589,"z":20.28325080871582},"rotation":{"x":-0.028381429612636567,"y":-0.08504970371723175,"z":-0.002578562358394265,"w":0.9960245490074158},"size":13.998518943786621,"orthographic":false}