{"cameraMode":{"drawMode":0,"name":"Shaded","section":"Shading Mode"},"sceneLighting":false,"audioPlay":false,"sceneViewState":{"showFog":true,"showMaterialUpdate":false,"showSkybox":false,"showFlares":true,"showImageEffects":false,"showParticleSystems":true,"showVisualEffectGraphs":true,"m_FxEnabled":true},"in2DMode":false,"pivot":{"x":0.11036848276853562,"y":-0.011520233005285263,"z":-0.12346687912940979},"rotation":{"x":-0.04345094785094261,"y":0.036892663687467578,"z":-0.002100558951497078,"w":-0.9985772371292114},"size":0.8211571574211121,"orthographic":false}