{"cameraMode":{"drawMode":0,"name":"Shaded","section":"Shading Mode"},"sceneLighting":false,"audioPlay":false,"sceneViewState":{"showFog":true,"showMaterialUpdate":false,"showSkybox":false,"showFlares":true,"showImageEffects":true,"showParticleSystems":true,"showVisualEffectGraphs":true,"m_FxEnabled":false},"in2DMode":false,"pivot":{"x":0.25828003883361819,"y":-1.1403906345367432,"z":3.4059431552886965},"rotation":{"x":0.16507704555988313,"y":-0.02662617154419422,"z":0.004458513110876083,"w":0.9859068393707275},"size":3.0738108158111574,"orthographic":false}