{"cameraMode":{"drawMode":0,"name":"Shaded","section":"Shading Mode"},"sceneLighting":false,"audioPlay":false,"sceneViewState":{"showFog":true,"showMaterialUpdate":false,"showSkybox":false,"showFlares":true,"showImageEffects":false,"showParticleSystems":true,"showVisualEffectGraphs":true,"m_FxEnabled":true},"in2DMode":false,"pivot":{"x":0.876007080078125,"y":0.0019989013671875,"z":-0.13750000298023225},"rotation":{"x":-0.16575683653354646,"y":-0.015410944819450379,"z":0.0021420784760266544,"w":-0.986257791519165},"size":1082.721435546875,"orthographic":false}