{"cameraMode":{"drawMode":0,"name":"Shaded","section":"Shading Mode"},"sceneLighting":false,"audioPlay":false,"sceneViewState":{"showFog":true,"showMaterialUpdate":false,"showSkybox":false,"showFlares":true,"showImageEffects":false,"showParticleSystems":true,"showVisualEffectGraphs":true,"m_FxEnabled":true},"in2DMode":false,"pivot":{"x":0.2639346420764923,"y":-0.026106327772140504,"z":1.9348729848861695},"rotation":{"x":0.0689496397972107,"y":0.025104111060500146,"z":-0.0014839296927675605,"w":0.9975240230560303},"size":1.718034029006958,"orthographic":false}