{"cameraMode":{"drawMode":0,"name":"Shaded","section":"Shading Mode"},"sceneLighting":false,"audioPlay":false,"sceneViewState":{"showFog":true,"showMaterialUpdate":false,"showSkybox":false,"showFlares":true,"showImageEffects":true,"showParticleSystems":true,"showVisualEffectGraphs":true,"m_FxEnabled":true},"in2DMode":false,"pivot":{"x":1.457367181777954,"y":3.8168225288391115,"z":1.449899673461914},"rotation":{"x":-0.10430098325014115,"y":0.061116673052310947,"z":0.006458426360040903,"w":0.9926676154136658},"size":9.991179466247559,"orthographic":false}